{"alpha":2.258166368608746,"alpha_familiar":2.258166368608746,"alpha_surprising":2.258166368608746,"alpha_neutral":2.258166368608746,"certain_zero":0.5882058343320492,"certain_it":0.35347026169995244,"certain_surp":0.5882058343320492,"certain_surp_it":0.35347026169995244,"certain_clean":0.9261269532590238,"certain_clean_it":0.8972801630556927,"certain_low":0.3404147472030492,"certain_low_it":0.9629816452619403,"certain_high":0.20279241267664605,"certain_high_it":0.9587267074671542,"salience_prior":0.5,"agent_bias":0.72,"subject_bias":0.5,"np_cost":0.19495783426319335,"pro_cost":0.3018716692506994,"jump_over_prior":0.4591269994120075,"wave_prior":0.583068864688124,"attack_prior":0.6485896225557346,"throw_rock_prior":0.7784058377664732,"overall_prior":0.4923840276842593,"train_prior":0.5917441120431489,"revision_prior":0.36410839507593395}